-- MySQL dump 10.15  Distrib 10.0.17-MariaDB, for Win32 (AMD64)
--
-- Host: localhost    Database: diary
-- ------------------------------------------------------
-- Server version	10.0.17-MariaDB

/*!40101 SET @OLD_CHARACTER_SET_CLIENT=@@CHARACTER_SET_CLIENT */;
/*!40101 SET @OLD_CHARACTER_SET_RESULTS=@@CHARACTER_SET_RESULTS */;
/*!40101 SET @OLD_COLLATION_CONNECTION=@@COLLATION_CONNECTION */;
/*!40101 SET NAMES utf8 */;
/*!40103 SET @OLD_TIME_ZONE=@@TIME_ZONE */;
/*!40103 SET TIME_ZONE='+00:00' */;
/*!40014 SET @OLD_UNIQUE_CHECKS=@@UNIQUE_CHECKS, UNIQUE_CHECKS=0 */;
/*!40014 SET @OLD_FOREIGN_KEY_CHECKS=@@FOREIGN_KEY_CHECKS, FOREIGN_KEY_CHECKS=0 */;
/*!40101 SET @OLD_SQL_MODE=@@SQL_MODE, SQL_MODE='NO_AUTO_VALUE_ON_ZERO' */;
/*!40111 SET @OLD_SQL_NOTES=@@SQL_NOTES, SQL_NOTES=0 */;

--
-- Table structure for table `activity`
--

DROP TABLE IF EXISTS `activity`;
/*!40101 SET @saved_cs_client     = @@character_set_client */;
/*!40101 SET character_set_client = utf8 */;
CREATE TABLE `activity` (
  `activity_id` int(11) NOT NULL AUTO_INCREMENT,
  `activity_type` varchar(25) NOT NULL,
  `activity_row_id` int(11) NOT NULL,
  `activity_sql` longtext NOT NULL,
  `actitvity_timestamp` timestamp NOT NULL DEFAULT CURRENT_TIMESTAMP,
  PRIMARY KEY (`activity_id`)
) ENGINE=InnoDB AUTO_INCREMENT=134 DEFAULT CHARSET=latin1;
/*!40101 SET character_set_client = @saved_cs_client */;

--
-- Dumping data for table `activity`
--

LOCK TABLES `activity` WRITE;
/*!40000 ALTER TABLE `activity` DISABLE KEYS */;
INSERT INTO `activity` VALUES (2,'query',0,'SELECT p.post_id, p.post_body, p.post_timestamp, u.user_id, u.user_name, u.user_fullname FROM posts as p JOIN users as u ON p.user_id=u.user_id ORDER BY p.post_timestamp DESC','2015-12-01 22:11:23'),(3,'query',0,'SELECT p.post_id, p.post_body, p.post_timestamp, u.user_id, u.user_name, u.user_fullname FROM posts as p JOIN users as u ON p.user_id=u.user_id ORDER BY p.post_timestamp DESC','2015-12-01 22:11:31'),(4,'query',0,'SELECT * from `users` WHERE `user_id`=\'2\'','2015-12-01 22:12:21'),(5,'query',0,'SELECT * from `users` WHERE `user_id`=\'2\'','2015-12-01 22:12:21'),(6,'query',0,'SELECT p.post_id, p.post_body, p.post_timestamp, u.user_id, u.user_name, u.user_fullname FROM posts as p JOIN users as u ON p.user_id=u.user_id ORDER BY p.post_timestamp DESC','2015-12-01 22:12:21'),(7,'query',0,'SELECT c.comment_id, c.comment_body, c.comment_timestamp, u.user_name, u.user_fullname FROM comments as c JOIN users as u ON c.user_id=u.user_id WHERE c.post_id=\'7\' ORDER BY c.comment_timestamp ASC;','2015-12-01 22:12:21'),(8,'query',0,'SELECT c.comment_id, c.comment_body, c.comment_timestamp, u.user_name, u.user_fullname FROM comments as c JOIN users as u ON c.user_id=u.user_id WHERE c.post_id=\'6\' ORDER BY c.comment_timestamp ASC;','2015-12-01 22:12:21'),(9,'query',0,'SELECT c.comment_id, c.comment_body, c.comment_timestamp, u.user_name, u.user_fullname FROM comments as c JOIN users as u ON c.user_id=u.user_id WHERE c.post_id=\'5\' ORDER BY c.comment_timestamp ASC;','2015-12-01 22:12:21'),(10,'query',0,'SELECT `comment_body` from `comments` WHERE `comment_body`=\'^_^ i love you too !\' AND `post_id`=\'5\'','2015-12-01 22:13:16'),(11,'query',0,'SELECT * from `users` WHERE `user_id`=\'2\'','2015-12-01 22:13:16'),(12,'query',0,'SELECT * from `users` WHERE `user_id`=\'2\'','2015-12-01 22:13:16'),(13,'query',0,'SELECT p.post_id, p.post_body, p.post_timestamp, u.user_id, u.user_name, u.user_fullname FROM posts as p JOIN users as u ON p.user_id=u.user_id ORDER BY p.post_timestamp DESC','2015-12-01 22:13:16'),(14,'query',0,'SELECT c.comment_id, c.comment_body, c.comment_timestamp, u.user_name, u.user_fullname FROM comments as c JOIN users as u ON c.user_id=u.user_id WHERE c.post_id=\'7\' ORDER BY c.comment_timestamp ASC;','2015-12-01 22:13:16'),(15,'query',0,'SELECT c.comment_id, c.comment_body, c.comment_timestamp, u.user_name, u.user_fullname FROM comments as c JOIN users as u ON c.user_id=u.user_id WHERE c.post_id=\'6\' ORDER BY c.comment_timestamp ASC;','2015-12-01 22:13:16'),(16,'query',0,'SELECT c.comment_id, c.comment_body, c.comment_timestamp, u.user_name, u.user_fullname FROM comments as c JOIN users as u ON c.user_id=u.user_id WHERE c.post_id=\'5\' ORDER BY c.comment_timestamp ASC;','2015-12-01 22:13:16'),(17,'query',0,'SELECT * from `users` WHERE `user_id`=\'2\'','2015-12-01 22:13:16'),(18,'query',0,'SELECT * from `users` WHERE `user_id`=\'2\'','2015-12-01 22:13:16'),(19,'query',0,'SELECT p.post_id, p.post_body, p.post_timestamp, u.user_id, u.user_name, u.user_fullname FROM posts as p JOIN users as u ON p.user_id=u.user_id ORDER BY p.post_timestamp DESC','2015-12-01 22:13:16'),(20,'query',0,'SELECT c.comment_id, c.comment_body, c.comment_timestamp, u.user_name, u.user_fullname FROM comments as c JOIN users as u ON c.user_id=u.user_id WHERE c.post_id=\'7\' ORDER BY c.comment_timestamp ASC;','2015-12-01 22:13:16'),(21,'query',0,'SELECT c.comment_id, c.comment_body, c.comment_timestamp, u.user_name, u.user_fullname FROM comments as c JOIN users as u ON c.user_id=u.user_id WHERE c.post_id=\'6\' ORDER BY c.comment_timestamp ASC;','2015-12-01 22:13:16'),(22,'query',0,'SELECT c.comment_id, c.comment_body, c.comment_timestamp, u.user_name, u.user_fullname FROM comments as c JOIN users as u ON c.user_id=u.user_id WHERE c.post_id=\'5\' ORDER BY c.comment_timestamp ASC;','2015-12-01 22:13:16'),(23,'query',0,'SELECT `post_body` from `posts` WHERE `post_body`=\'NEXT UPDATE : \r\n<ul>\r\n   <li> Notifications</li>\r\n  <li> Facebook Integration</li>\r\n<li>Activity Feed</li>\r\n</ul>\'','2015-12-01 22:14:19'),(24,'query',0,'SELECT * from `users` WHERE `user_id`=\'2\'','2015-12-01 22:14:19'),(25,'query',0,'SELECT * from `users` WHERE `user_id`=\'2\'','2015-12-01 22:14:19'),(26,'query',0,'SELECT p.post_id, p.post_body, p.post_timestamp, u.user_id, u.user_name, u.user_fullname FROM posts as p JOIN users as u ON p.user_id=u.user_id ORDER BY p.post_timestamp DESC','2015-12-01 22:14:19'),(27,'query',0,'SELECT c.comment_id, c.comment_body, c.comment_timestamp, u.user_name, u.user_fullname FROM comments as c JOIN users as u ON c.user_id=u.user_id WHERE c.post_id=\'9\' ORDER BY c.comment_timestamp ASC;','2015-12-01 22:14:19'),(28,'query',0,'SELECT c.comment_id, c.comment_body, c.comment_timestamp, u.user_name, u.user_fullname FROM comments as c JOIN users as u ON c.user_id=u.user_id WHERE c.post_id=\'7\' ORDER BY c.comment_timestamp ASC;','2015-12-01 22:14:19'),(29,'query',0,'SELECT c.comment_id, c.comment_body, c.comment_timestamp, u.user_name, u.user_fullname FROM comments as c JOIN users as u ON c.user_id=u.user_id WHERE c.post_id=\'6\' ORDER BY c.comment_timestamp ASC;','2015-12-01 22:14:19'),(30,'query',0,'SELECT c.comment_id, c.comment_body, c.comment_timestamp, u.user_name, u.user_fullname FROM comments as c JOIN users as u ON c.user_id=u.user_id WHERE c.post_id=\'5\' ORDER BY c.comment_timestamp ASC;','2015-12-01 22:14:19'),(31,'query',0,'SELECT * from `users` WHERE `user_id`=\'2\'','2015-12-01 22:14:19'),(32,'query',0,'SELECT * from `users` WHERE `user_id`=\'2\'','2015-12-01 22:14:19'),(33,'query',0,'SELECT p.post_id, p.post_body, p.post_timestamp, u.user_id, u.user_name, u.user_fullname FROM posts as p JOIN users as u ON p.user_id=u.user_id ORDER BY p.post_timestamp DESC','2015-12-01 22:14:19'),(34,'query',0,'SELECT c.comment_id, c.comment_body, c.comment_timestamp, u.user_name, u.user_fullname FROM comments as c JOIN users as u ON c.user_id=u.user_id WHERE c.post_id=\'9\' ORDER BY c.comment_timestamp ASC;','2015-12-01 22:14:19'),(35,'query',0,'SELECT c.comment_id, c.comment_body, c.comment_timestamp, u.user_name, u.user_fullname FROM comments as c JOIN users as u ON c.user_id=u.user_id WHERE c.post_id=\'7\' ORDER BY c.comment_timestamp ASC;','2015-12-01 22:14:19'),(36,'query',0,'SELECT c.comment_id, c.comment_body, c.comment_timestamp, u.user_name, u.user_fullname FROM comments as c JOIN users as u ON c.user_id=u.user_id WHERE c.post_id=\'6\' ORDER BY c.comment_timestamp ASC;','2015-12-01 22:14:19'),(37,'query',0,'SELECT c.comment_id, c.comment_body, c.comment_timestamp, u.user_name, u.user_fullname FROM comments as c JOIN users as u ON c.user_id=u.user_id WHERE c.post_id=\'5\' ORDER BY c.comment_timestamp ASC;','2015-12-01 22:14:19'),(38,'query',0,'SELECT user_id, user_name, user_fullname, user_email FROM users WHERE user_name=\'mjcueto13\' AND user_pass=\'jasper90\'','2015-12-02 01:13:01'),(39,'query',0,'SELECT * from `users` WHERE `user_id`=\'1\'','2015-12-02 01:13:02'),(40,'query',0,'SELECT * from `users` WHERE `user_id`=\'1\'','2015-12-02 01:13:02'),(41,'query',0,'SELECT p.post_id, p.post_body, p.post_timestamp, u.user_id, u.user_name, u.user_fullname FROM posts as p JOIN users as u ON p.user_id=u.user_id ORDER BY p.post_timestamp DESC','2015-12-02 01:13:02'),(42,'query',0,'SELECT c.comment_id, c.comment_body, c.comment_timestamp, u.user_name, u.user_fullname FROM comments as c JOIN users as u ON c.user_id=u.user_id WHERE c.post_id=\'9\' ORDER BY c.comment_timestamp ASC;','2015-12-02 01:13:02'),(43,'query',0,'SELECT c.comment_id, c.comment_body, c.comment_timestamp, u.user_name, u.user_fullname FROM comments as c JOIN users as u ON c.user_id=u.user_id WHERE c.post_id=\'7\' ORDER BY c.comment_timestamp ASC;','2015-12-02 01:13:03'),(44,'query',0,'SELECT c.comment_id, c.comment_body, c.comment_timestamp, u.user_name, u.user_fullname FROM comments as c JOIN users as u ON c.user_id=u.user_id WHERE c.post_id=\'6\' ORDER BY c.comment_timestamp ASC;','2015-12-02 01:13:03'),(45,'query',0,'SELECT c.comment_id, c.comment_body, c.comment_timestamp, u.user_name, u.user_fullname FROM comments as c JOIN users as u ON c.user_id=u.user_id WHERE c.post_id=\'5\' ORDER BY c.comment_timestamp ASC;','2015-12-02 01:13:03'),(46,'query',0,'SELECT user_id, user_name, user_fullname, user_email FROM users WHERE user_name=\'mjcueto13\' AND user_pass=\'jasper90\'','2015-12-02 01:13:03'),(47,'query',0,'SELECT * from `users` WHERE `user_id`=\'1\'','2015-12-02 01:13:07'),(48,'query',0,'SELECT * from `users` WHERE `user_id`=\'1\'','2015-12-02 01:13:07'),(49,'query',0,'SELECT p.post_id, p.post_body, p.post_timestamp, u.user_id, u.user_name, u.user_fullname FROM posts as p JOIN users as u ON p.user_id=u.user_id ORDER BY p.post_timestamp DESC','2015-12-02 01:13:07'),(50,'query',0,'SELECT c.comment_id, c.comment_body, c.comment_timestamp, u.user_name, u.user_fullname FROM comments as c JOIN users as u ON c.user_id=u.user_id WHERE c.post_id=\'9\' ORDER BY c.comment_timestamp ASC;','2015-12-02 01:13:07'),(51,'query',0,'SELECT c.comment_id, c.comment_body, c.comment_timestamp, u.user_name, u.user_fullname FROM comments as c JOIN users as u ON c.user_id=u.user_id WHERE c.post_id=\'7\' ORDER BY c.comment_timestamp ASC;','2015-12-02 01:13:07'),(52,'query',0,'SELECT c.comment_id, c.comment_body, c.comment_timestamp, u.user_name, u.user_fullname FROM comments as c JOIN users as u ON c.user_id=u.user_id WHERE c.post_id=\'6\' ORDER BY c.comment_timestamp ASC;','2015-12-02 01:13:07'),(53,'query',0,'SELECT c.comment_id, c.comment_body, c.comment_timestamp, u.user_name, u.user_fullname FROM comments as c JOIN users as u ON c.user_id=u.user_id WHERE c.post_id=\'5\' ORDER BY c.comment_timestamp ASC;','2015-12-02 01:13:07'),(54,'query',0,'SELECT `comment_body` from `comments` WHERE `comment_body`=\'buti wala ng arabic. hahaha\' AND `post_id`=\'9\'','2015-12-02 01:14:36'),(55,'query',0,'SELECT * from `users` WHERE `user_id`=\'1\'','2015-12-02 01:14:36'),(56,'query',0,'SELECT * from `users` WHERE `user_id`=\'1\'','2015-12-02 01:14:36'),(57,'query',0,'SELECT p.post_id, p.post_body, p.post_timestamp, u.user_id, u.user_name, u.user_fullname FROM posts as p JOIN users as u ON p.user_id=u.user_id ORDER BY p.post_timestamp DESC','2015-12-02 01:14:36'),(58,'query',0,'SELECT c.comment_id, c.comment_body, c.comment_timestamp, u.user_name, u.user_fullname FROM comments as c JOIN users as u ON c.user_id=u.user_id WHERE c.post_id=\'9\' ORDER BY c.comment_timestamp ASC;','2015-12-02 01:14:36'),(59,'query',0,'SELECT c.comment_id, c.comment_body, c.comment_timestamp, u.user_name, u.user_fullname FROM comments as c JOIN users as u ON c.user_id=u.user_id WHERE c.post_id=\'7\' ORDER BY c.comment_timestamp ASC;','2015-12-02 01:14:36'),(60,'query',0,'SELECT c.comment_id, c.comment_body, c.comment_timestamp, u.user_name, u.user_fullname FROM comments as c JOIN users as u ON c.user_id=u.user_id WHERE c.post_id=\'6\' ORDER BY c.comment_timestamp ASC;','2015-12-02 01:14:36'),(61,'query',0,'SELECT c.comment_id, c.comment_body, c.comment_timestamp, u.user_name, u.user_fullname FROM comments as c JOIN users as u ON c.user_id=u.user_id WHERE c.post_id=\'5\' ORDER BY c.comment_timestamp ASC;','2015-12-02 01:14:36'),(62,'query',0,'SELECT * from `users` WHERE `user_id`=\'1\'','2015-12-02 01:14:39'),(63,'query',0,'SELECT * from `users` WHERE `user_id`=\'1\'','2015-12-02 01:14:39'),(64,'query',0,'SELECT p.post_id, p.post_body, p.post_timestamp, u.user_id, u.user_name, u.user_fullname FROM posts as p JOIN users as u ON p.user_id=u.user_id ORDER BY p.post_timestamp DESC','2015-12-02 01:14:39'),(65,'query',0,'SELECT c.comment_id, c.comment_body, c.comment_timestamp, u.user_name, u.user_fullname FROM comments as c JOIN users as u ON c.user_id=u.user_id WHERE c.post_id=\'9\' ORDER BY c.comment_timestamp ASC;','2015-12-02 01:14:39'),(66,'query',0,'SELECT c.comment_id, c.comment_body, c.comment_timestamp, u.user_name, u.user_fullname FROM comments as c JOIN users as u ON c.user_id=u.user_id WHERE c.post_id=\'7\' ORDER BY c.comment_timestamp ASC;','2015-12-02 01:14:39'),(67,'query',0,'SELECT c.comment_id, c.comment_body, c.comment_timestamp, u.user_name, u.user_fullname FROM comments as c JOIN users as u ON c.user_id=u.user_id WHERE c.post_id=\'6\' ORDER BY c.comment_timestamp ASC;','2015-12-02 01:14:39'),(68,'query',0,'SELECT c.comment_id, c.comment_body, c.comment_timestamp, u.user_name, u.user_fullname FROM comments as c JOIN users as u ON c.user_id=u.user_id WHERE c.post_id=\'5\' ORDER BY c.comment_timestamp ASC;','2015-12-02 01:14:39'),(69,'query',0,'SELECT `comment_body` from `comments` WHERE `comment_body`=\'buti wala ng arabic. hahaha\' AND `post_id`=\'9\'','2015-12-02 01:14:40'),(70,'query',0,'SELECT * from `users` WHERE `user_id`=\'1\'','2015-12-02 01:14:40'),(71,'query',0,'SELECT * from `users` WHERE `user_id`=\'1\'','2015-12-02 01:14:40'),(72,'query',0,'SELECT p.post_id, p.post_body, p.post_timestamp, u.user_id, u.user_name, u.user_fullname FROM posts as p JOIN users as u ON p.user_id=u.user_id ORDER BY p.post_timestamp DESC','2015-12-02 01:14:40'),(73,'query',0,'SELECT c.comment_id, c.comment_body, c.comment_timestamp, u.user_name, u.user_fullname FROM comments as c JOIN users as u ON c.user_id=u.user_id WHERE c.post_id=\'9\' ORDER BY c.comment_timestamp ASC;','2015-12-02 01:14:40'),(74,'query',0,'SELECT c.comment_id, c.comment_body, c.comment_timestamp, u.user_name, u.user_fullname FROM comments as c JOIN users as u ON c.user_id=u.user_id WHERE c.post_id=\'7\' ORDER BY c.comment_timestamp ASC;','2015-12-02 01:14:40'),(75,'query',0,'SELECT c.comment_id, c.comment_body, c.comment_timestamp, u.user_name, u.user_fullname FROM comments as c JOIN users as u ON c.user_id=u.user_id WHERE c.post_id=\'6\' ORDER BY c.comment_timestamp ASC;','2015-12-02 01:14:40'),(76,'query',0,'SELECT c.comment_id, c.comment_body, c.comment_timestamp, u.user_name, u.user_fullname FROM comments as c JOIN users as u ON c.user_id=u.user_id WHERE c.post_id=\'5\' ORDER BY c.comment_timestamp ASC;','2015-12-02 01:14:40'),(77,'query',0,'SELECT * from `users` WHERE `user_id`=\'1\'','2015-12-02 01:14:41'),(78,'query',0,'SELECT * from `users` WHERE `user_id`=\'1\'','2015-12-02 01:14:41'),(79,'query',0,'SELECT p.post_id, p.post_body, p.post_timestamp, u.user_id, u.user_name, u.user_fullname FROM posts as p JOIN users as u ON p.user_id=u.user_id ORDER BY p.post_timestamp DESC','2015-12-02 01:14:41'),(80,'query',0,'SELECT c.comment_id, c.comment_body, c.comment_timestamp, u.user_name, u.user_fullname FROM comments as c JOIN users as u ON c.user_id=u.user_id WHERE c.post_id=\'9\' ORDER BY c.comment_timestamp ASC;','2015-12-02 01:14:41'),(81,'query',0,'SELECT c.comment_id, c.comment_body, c.comment_timestamp, u.user_name, u.user_fullname FROM comments as c JOIN users as u ON c.user_id=u.user_id WHERE c.post_id=\'7\' ORDER BY c.comment_timestamp ASC;','2015-12-02 01:14:41'),(82,'query',0,'SELECT c.comment_id, c.comment_body, c.comment_timestamp, u.user_name, u.user_fullname FROM comments as c JOIN users as u ON c.user_id=u.user_id WHERE c.post_id=\'6\' ORDER BY c.comment_timestamp ASC;','2015-12-02 01:14:41'),(83,'query',0,'SELECT c.comment_id, c.comment_body, c.comment_timestamp, u.user_name, u.user_fullname FROM comments as c JOIN users as u ON c.user_id=u.user_id WHERE c.post_id=\'5\' ORDER BY c.comment_timestamp ASC;','2015-12-02 01:14:41'),(84,'query',0,'SELECT * from `users` WHERE `user_id`=\'1\'','2015-12-02 01:26:17'),(85,'query',0,'SELECT * from `users` WHERE `user_id`=\'1\'','2015-12-02 01:26:17'),(86,'query',0,'SELECT p.post_id, p.post_body, p.post_timestamp, u.user_id, u.user_name, u.user_fullname FROM posts as p JOIN users as u ON p.user_id=u.user_id ORDER BY p.post_timestamp DESC','2015-12-02 01:26:17'),(87,'query',0,'SELECT c.comment_id, c.comment_body, c.comment_timestamp, u.user_name, u.user_fullname FROM comments as c JOIN users as u ON c.user_id=u.user_id WHERE c.post_id=\'9\' ORDER BY c.comment_timestamp ASC;','2015-12-02 01:26:17'),(88,'query',0,'SELECT c.comment_id, c.comment_body, c.comment_timestamp, u.user_name, u.user_fullname FROM comments as c JOIN users as u ON c.user_id=u.user_id WHERE c.post_id=\'7\' ORDER BY c.comment_timestamp ASC;','2015-12-02 01:26:17'),(89,'query',0,'SELECT c.comment_id, c.comment_body, c.comment_timestamp, u.user_name, u.user_fullname FROM comments as c JOIN users as u ON c.user_id=u.user_id WHERE c.post_id=\'6\' ORDER BY c.comment_timestamp ASC;','2015-12-02 01:26:17'),(90,'query',0,'SELECT c.comment_id, c.comment_body, c.comment_timestamp, u.user_name, u.user_fullname FROM comments as c JOIN users as u ON c.user_id=u.user_id WHERE c.post_id=\'5\' ORDER BY c.comment_timestamp ASC;','2015-12-02 01:26:17'),(91,'query',0,'SELECT * from `users` WHERE `user_id`=\'2\'','2015-12-02 11:48:26'),(92,'query',0,'SELECT * from `users` WHERE `user_id`=\'2\'','2015-12-02 11:48:26'),(93,'query',0,'SELECT p.post_id, p.post_body, p.post_timestamp, u.user_id, u.user_name, u.user_fullname FROM posts as p JOIN users as u ON p.user_id=u.user_id ORDER BY p.post_timestamp DESC','2015-12-02 11:48:26'),(94,'query',0,'SELECT c.comment_id, c.comment_body, c.comment_timestamp, u.user_name, u.user_fullname FROM comments as c JOIN users as u ON c.user_id=u.user_id WHERE c.post_id=\'9\' ORDER BY c.comment_timestamp ASC;','2015-12-02 11:48:26'),(95,'query',0,'SELECT c.comment_id, c.comment_body, c.comment_timestamp, u.user_name, u.user_fullname FROM comments as c JOIN users as u ON c.user_id=u.user_id WHERE c.post_id=\'7\' ORDER BY c.comment_timestamp ASC;','2015-12-02 11:48:26'),(96,'query',0,'SELECT c.comment_id, c.comment_body, c.comment_timestamp, u.user_name, u.user_fullname FROM comments as c JOIN users as u ON c.user_id=u.user_id WHERE c.post_id=\'6\' ORDER BY c.comment_timestamp ASC;','2015-12-02 11:48:26'),(97,'query',0,'SELECT c.comment_id, c.comment_body, c.comment_timestamp, u.user_name, u.user_fullname FROM comments as c JOIN users as u ON c.user_id=u.user_id WHERE c.post_id=\'5\' ORDER BY c.comment_timestamp ASC;','2015-12-02 11:48:26'),(98,'query',0,'SELECT `comment_body` from `comments` WHERE `comment_body`=\'hahah ^_^tinangal ko na po ei..\' AND `post_id`=\'9\'','2015-12-02 11:49:02'),(99,'query',0,'SELECT * from `users` WHERE `user_id`=\'2\'','2015-12-02 11:49:02'),(100,'query',0,'SELECT * from `users` WHERE `user_id`=\'2\'','2015-12-02 11:49:02'),(101,'query',0,'SELECT p.post_id, p.post_body, p.post_timestamp, u.user_id, u.user_name, u.user_fullname FROM posts as p JOIN users as u ON p.user_id=u.user_id ORDER BY p.post_timestamp DESC','2015-12-02 11:49:02'),(102,'query',0,'SELECT c.comment_id, c.comment_body, c.comment_timestamp, u.user_name, u.user_fullname FROM comments as c JOIN users as u ON c.user_id=u.user_id WHERE c.post_id=\'9\' ORDER BY c.comment_timestamp ASC;','2015-12-02 11:49:02'),(103,'query',0,'SELECT c.comment_id, c.comment_body, c.comment_timestamp, u.user_name, u.user_fullname FROM comments as c JOIN users as u ON c.user_id=u.user_id WHERE c.post_id=\'7\' ORDER BY c.comment_timestamp ASC;','2015-12-02 11:49:02'),(104,'query',0,'SELECT c.comment_id, c.comment_body, c.comment_timestamp, u.user_name, u.user_fullname FROM comments as c JOIN users as u ON c.user_id=u.user_id WHERE c.post_id=\'6\' ORDER BY c.comment_timestamp ASC;','2015-12-02 11:49:02'),(105,'query',0,'SELECT c.comment_id, c.comment_body, c.comment_timestamp, u.user_name, u.user_fullname FROM comments as c JOIN users as u ON c.user_id=u.user_id WHERE c.post_id=\'5\' ORDER BY c.comment_timestamp ASC;','2015-12-02 11:49:02'),(106,'query',0,'SELECT * from `users` WHERE `user_id`=\'2\'','2015-12-02 11:49:02'),(107,'query',0,'SELECT * from `users` WHERE `user_id`=\'2\'','2015-12-02 11:49:03'),(108,'query',0,'SELECT p.post_id, p.post_body, p.post_timestamp, u.user_id, u.user_name, u.user_fullname FROM posts as p JOIN users as u ON p.user_id=u.user_id ORDER BY p.post_timestamp DESC','2015-12-02 11:49:03'),(109,'query',0,'SELECT c.comment_id, c.comment_body, c.comment_timestamp, u.user_name, u.user_fullname FROM comments as c JOIN users as u ON c.user_id=u.user_id WHERE c.post_id=\'9\' ORDER BY c.comment_timestamp ASC;','2015-12-02 11:49:03'),(110,'query',0,'SELECT c.comment_id, c.comment_body, c.comment_timestamp, u.user_name, u.user_fullname FROM comments as c JOIN users as u ON c.user_id=u.user_id WHERE c.post_id=\'7\' ORDER BY c.comment_timestamp ASC;','2015-12-02 11:49:03'),(111,'query',0,'SELECT c.comment_id, c.comment_body, c.comment_timestamp, u.user_name, u.user_fullname FROM comments as c JOIN users as u ON c.user_id=u.user_id WHERE c.post_id=\'6\' ORDER BY c.comment_timestamp ASC;','2015-12-02 11:49:03'),(112,'query',0,'SELECT c.comment_id, c.comment_body, c.comment_timestamp, u.user_name, u.user_fullname FROM comments as c JOIN users as u ON c.user_id=u.user_id WHERE c.post_id=\'5\' ORDER BY c.comment_timestamp ASC;','2015-12-02 11:49:03'),(113,'query',0,'SELECT * from `users` WHERE `user_id`=\'2\'','2015-12-02 11:50:19'),(114,'query',0,'SELECT * from `users` WHERE `user_id`=\'2\'','2015-12-02 11:50:19'),(115,'query',0,'SELECT p.post_id, p.post_body, p.post_timestamp, u.user_id, u.user_name, u.user_fullname FROM posts as p JOIN users as u ON p.user_id=u.user_id ORDER BY p.post_timestamp DESC','2015-12-02 11:50:19'),(116,'query',0,'SELECT c.comment_id, c.comment_body, c.comment_timestamp, u.user_name, u.user_fullname FROM comments as c JOIN users as u ON c.user_id=u.user_id WHERE c.post_id=\'9\' ORDER BY c.comment_timestamp ASC;','2015-12-02 11:50:19'),(117,'query',0,'SELECT c.comment_id, c.comment_body, c.comment_timestamp, u.user_name, u.user_fullname FROM comments as c JOIN users as u ON c.user_id=u.user_id WHERE c.post_id=\'7\' ORDER BY c.comment_timestamp ASC;','2015-12-02 11:50:19'),(118,'query',0,'SELECT c.comment_id, c.comment_body, c.comment_timestamp, u.user_name, u.user_fullname FROM comments as c JOIN users as u ON c.user_id=u.user_id WHERE c.post_id=\'6\' ORDER BY c.comment_timestamp ASC;','2015-12-02 11:50:19'),(119,'query',0,'SELECT c.comment_id, c.comment_body, c.comment_timestamp, u.user_name, u.user_fullname FROM comments as c JOIN users as u ON c.user_id=u.user_id WHERE c.post_id=\'5\' ORDER BY c.comment_timestamp ASC;','2015-12-02 11:50:19'),(120,'query',0,'SELECT * from `users` WHERE `user_id`=\'2\'','2015-12-02 11:50:20'),(121,'query',0,'SELECT * from `users` WHERE `user_id`=\'2\'','2015-12-02 11:50:20'),(122,'query',0,'SELECT p.post_id, p.post_body, p.post_timestamp, u.user_id, u.user_name, u.user_fullname FROM posts as p JOIN users as u ON p.user_id=u.user_id ORDER BY p.post_timestamp DESC','2015-12-02 11:50:20'),(123,'query',0,'SELECT c.comment_id, c.comment_body, c.comment_timestamp, u.user_name, u.user_fullname FROM comments as c JOIN users as u ON c.user_id=u.user_id WHERE c.post_id=\'9\' ORDER BY c.comment_timestamp ASC;','2015-12-02 11:50:20'),(124,'query',0,'SELECT c.comment_id, c.comment_body, c.comment_timestamp, u.user_name, u.user_fullname FROM comments as c JOIN users as u ON c.user_id=u.user_id WHERE c.post_id=\'7\' ORDER BY c.comment_timestamp ASC;','2015-12-02 11:50:20'),(125,'query',0,'SELECT c.comment_id, c.comment_body, c.comment_timestamp, u.user_name, u.user_fullname FROM comments as c JOIN users as u ON c.user_id=u.user_id WHERE c.post_id=\'6\' ORDER BY c.comment_timestamp ASC;','2015-12-02 11:50:20'),(126,'query',0,'SELECT c.comment_id, c.comment_body, c.comment_timestamp, u.user_name, u.user_fullname FROM comments as c JOIN users as u ON c.user_id=u.user_id WHERE c.post_id=\'5\' ORDER BY c.comment_timestamp ASC;','2015-12-02 11:50:20'),(127,'query',0,'SELECT * from `users` WHERE `user_id`=\'2\'','2015-12-02 13:01:35'),(128,'query',0,'SELECT * from `users` WHERE `user_id`=\'2\'','2015-12-02 13:01:35'),(129,'query',0,'SELECT p.post_id, p.post_body, p.post_timestamp, u.user_id, u.user_name, u.user_fullname FROM posts as p JOIN users as u ON p.user_id=u.user_id ORDER BY p.post_timestamp DESC','2015-12-02 13:01:35'),(130,'query',0,'SELECT c.comment_id, c.comment_body, c.comment_timestamp, u.user_name, u.user_fullname FROM comments as c JOIN users as u ON c.user_id=u.user_id WHERE c.post_id=\'9\' ORDER BY c.comment_timestamp ASC;','2015-12-02 13:01:36'),(131,'query',0,'SELECT c.comment_id, c.comment_body, c.comment_timestamp, u.user_name, u.user_fullname FROM comments as c JOIN users as u ON c.user_id=u.user_id WHERE c.post_id=\'7\' ORDER BY c.comment_timestamp ASC;','2015-12-02 13:01:36'),(132,'query',0,'SELECT c.comment_id, c.comment_body, c.comment_timestamp, u.user_name, u.user_fullname FROM comments as c JOIN users as u ON c.user_id=u.user_id WHERE c.post_id=\'6\' ORDER BY c.comment_timestamp ASC;','2015-12-02 13:01:36'),(133,'query',0,'SELECT c.comment_id, c.comment_body, c.comment_timestamp, u.user_name, u.user_fullname FROM comments as c JOIN users as u ON c.user_id=u.user_id WHERE c.post_id=\'5\' ORDER BY c.comment_timestamp ASC;','2015-12-02 13:01:36');
/*!40000 ALTER TABLE `activity` ENABLE KEYS */;
UNLOCK TABLES;

--
-- Table structure for table `comments`
--

DROP TABLE IF EXISTS `comments`;
/*!40101 SET @saved_cs_client     = @@character_set_client */;
/*!40101 SET character_set_client = utf8 */;
CREATE TABLE `comments` (
  `comment_id` int(11) NOT NULL AUTO_INCREMENT,
  `post_id` int(11) NOT NULL,
  `user_id` int(11) NOT NULL,
  `comment_body` longtext NOT NULL,
  `comment_timestamp` timestamp NOT NULL DEFAULT CURRENT_TIMESTAMP,
  PRIMARY KEY (`comment_id`)
) ENGINE=InnoDB AUTO_INCREMENT=5 DEFAULT CHARSET=latin1;
/*!40101 SET character_set_client = @saved_cs_client */;

--
-- Dumping data for table `comments`
--

LOCK TABLES `comments` WRITE;
/*!40000 ALTER TABLE `comments` DISABLE KEYS */;
INSERT INTO `comments` VALUES (1,6,2,'sample comment :P','2015-12-01 21:30:05'),(2,5,2,'^_^ i love you too !','2015-12-01 22:13:16'),(3,9,1,'buti wala ng arabic. hahaha','2015-12-02 01:14:36'),(4,9,2,'hahah ^_^tinangal ko na po ei..','2015-12-02 11:49:02');
/*!40000 ALTER TABLE `comments` ENABLE KEYS */;
UNLOCK TABLES;

--
-- Table structure for table `posts`
--

DROP TABLE IF EXISTS `posts`;
/*!40101 SET @saved_cs_client     = @@character_set_client */;
/*!40101 SET character_set_client = utf8 */;
CREATE TABLE `posts` (
  `post_id` int(11) NOT NULL AUTO_INCREMENT,
  `user_id` int(11) NOT NULL,
  `post_body` longtext NOT NULL,
  `post_timestamp` timestamp NOT NULL DEFAULT CURRENT_TIMESTAMP,
  PRIMARY KEY (`post_id`)
) ENGINE=InnoDB AUTO_INCREMENT=10 DEFAULT CHARSET=latin1;
/*!40101 SET character_set_client = @saved_cs_client */;

--
-- Dumping data for table `posts`
--

LOCK TABLES `posts` WRITE;
/*!40000 ALTER TABLE `posts` DISABLE KEYS */;
INSERT INTO `posts` VALUES (5,1,'i won\'t rant now. i love yo. Grabe kailangan may limit talaga? pano kung Hi lang gusto ko ilagay? ? unpeyr. \r\n','2015-11-30 01:54:11'),(6,2,'HAHAH siempre .. kelangan un XD HAHAHAHAHAH.. kung hi lng. then maraming spaces ahahha ','2015-11-30 07:46:32'),(7,2,'I\'m so happy to have you. I\'m stupid. Please teach me. I\'ll be with you no matter. I love you.','2015-12-01 21:31:23'),(9,2,'NEXT UPDATE : \r\n<ul>\r\n   <li> Notifications</li>\r\n  <li> Facebook Integration</li>\r\n<li>Activity Feed</li>\r\n</ul>','2015-12-01 22:14:19');
/*!40000 ALTER TABLE `posts` ENABLE KEYS */;
UNLOCK TABLES;

--
-- Table structure for table `users`
--

DROP TABLE IF EXISTS `users`;
/*!40101 SET @saved_cs_client     = @@character_set_client */;
/*!40101 SET character_set_client = utf8 */;
CREATE TABLE `users` (
  `user_id` int(11) NOT NULL AUTO_INCREMENT,
  `user_fullname` varchar(23) NOT NULL,
  `user_email` varchar(23) NOT NULL,
  `user_name` varchar(12) NOT NULL,
  `user_pass` varchar(32) NOT NULL,
  `user_timestamp` timestamp NOT NULL DEFAULT CURRENT_TIMESTAMP,
  PRIMARY KEY (`user_id`)
) ENGINE=InnoDB AUTO_INCREMENT=3 DEFAULT CHARSET=latin1;
/*!40101 SET character_set_client = @saved_cs_client */;

--
-- Dumping data for table `users`
--

LOCK TABLES `users` WRITE;
/*!40000 ALTER TABLE `users` DISABLE KEYS */;
INSERT INTO `users` VALUES (1,'Myca Jicel Cueto','mjcueto13@gmail.com','mjcueto13','jasper90','2015-11-29 20:13:35'),(2,'Jasper John Cinatad','slytherin9090@gmail.com','fallen90','jasper90','2015-11-29 22:24:51');
/*!40000 ALTER TABLE `users` ENABLE KEYS */;
UNLOCK TABLES;
/*!40103 SET TIME_ZONE=@OLD_TIME_ZONE */;

/*!40101 SET SQL_MODE=@OLD_SQL_MODE */;
/*!40014 SET FOREIGN_KEY_CHECKS=@OLD_FOREIGN_KEY_CHECKS */;
/*!40014 SET UNIQUE_CHECKS=@OLD_UNIQUE_CHECKS */;
/*!40101 SET CHARACTER_SET_CLIENT=@OLD_CHARACTER_SET_CLIENT */;
/*!40101 SET CHARACTER_SET_RESULTS=@OLD_CHARACTER_SET_RESULTS */;
/*!40101 SET COLLATION_CONNECTION=@OLD_COLLATION_CONNECTION */;
/*!40111 SET SQL_NOTES=@OLD_SQL_NOTES */;

-- Dump completed on 2015-12-04  4:07:54
